total_messages_human;total_messages_agent;average_message_length_human;average_message_length_agent;world_nr;tick_nr
0;0;nan;nan;1;0
0;0;nan;nan;1;1
0;1;nan;57.0;1;2
0;1;nan;57.0;1;3
0;1;nan;57.0;1;4
0;1;nan;57.0;1;5
0;1;nan;57.0;1;6
0;1;nan;57.0;1;7
0;1;nan;57.0;1;8
0;1;nan;57.0;1;9
0;1;nan;57.0;1;10
0;1;nan;57.0;1;11
0;1;nan;57.0;1;12
0;1;nan;57.0;1;13
0;1;nan;57.0;1;14
0;1;nan;57.0;1;15
0;1;nan;57.0;1;16
0;1;nan;57.0;1;17
0;1;nan;57.0;1;18
0;1;nan;57.0;1;19
0;1;nan;57.0;1;20
0;1;nan;57.0;1;21
0;1;nan;57.0;1;22
0;1;nan;57.0;1;23
0;1;nan;57.0;1;24
0;1;nan;57.0;1;25
0;1;nan;57.0;1;26
0;1;nan;57.0;1;27
0;1;nan;57.0;1;28
0;1;nan;57.0;1;29
0;1;nan;57.0;1;30
0;1;nan;57.0;1;31
0;1;nan;57.0;1;32
0;1;nan;57.0;1;33
0;1;nan;57.0;1;34
1;1;1.0;57.0;1;35
1;2;1.0;50.5;1;36
1;2;1.0;50.5;1;37
1;2;1.0;50.5;1;38
1;2;1.0;50.5;1;39
1;2;1.0;50.5;1;40
1;2;1.0;50.5;1;41
1;2;1.0;50.5;1;42
1;2;1.0;50.5;1;43
1;2;1.0;50.5;1;44
1;2;1.0;50.5;1;45
1;2;1.0;50.5;1;46
1;2;1.0;50.5;1;47
1;2;1.0;50.5;1;48
1;2;1.0;50.5;1;49
1;2;1.0;50.5;1;50
1;2;1.0;50.5;1;51
1;2;1.0;50.5;1;52
1;2;1.0;50.5;1;53
1;2;1.0;50.5;1;54
1;2;1.0;50.5;1;55
1;2;1.0;50.5;1;56
1;2;1.0;50.5;1;57
1;2;1.0;50.5;1;58
1;2;1.0;50.5;1;59
1;2;1.0;50.5;1;60
1;2;1.0;50.5;1;61
1;2;1.0;50.5;1;62
1;2;1.0;50.5;1;63
1;2;1.0;50.5;1;64
1;2;1.0;50.5;1;65
1;2;1.0;50.5;1;66
1;2;1.0;50.5;1;67
1;2;1.0;50.5;1;68
1;2;1.0;50.5;1;69
1;2;1.0;50.5;1;70
1;2;1.0;50.5;1;71
1;2;1.0;50.5;1;72
1;2;1.0;50.5;1;73
1;2;1.0;50.5;1;74
1;2;1.0;50.5;1;75
1;2;1.0;50.5;1;76
1;2;1.0;50.5;1;77
1;2;1.0;50.5;1;78
1;2;1.0;50.5;1;79
1;2;1.0;50.5;1;80
1;2;1.0;50.5;1;81
1;2;1.0;50.5;1;82
1;2;1.0;50.5;1;83
1;2;1.0;50.5;1;84
1;2;1.0;50.5;1;85
1;2;1.0;50.5;1;86
1;2;1.0;50.5;1;87
1;2;1.0;50.5;1;88
1;2;1.0;50.5;1;89
1;2;1.0;50.5;1;90
1;2;1.0;50.5;1;91
1;2;1.0;50.5;1;92
1;2;1.0;50.5;1;93
1;2;1.0;50.5;1;94
1;2;1.0;50.5;1;95
2;2;1.0;50.5;1;96
2;3;1.0;52.67;1;97
2;3;1.0;52.67;1;98
2;3;1.0;52.67;1;99
2;3;1.0;52.67;1;100
2;3;1.0;52.67;1;101
2;3;1.0;52.67;1;102
2;3;1.0;52.67;1;103
2;3;1.0;52.67;1;104
2;3;1.0;52.67;1;105
2;3;1.0;52.67;1;106
2;3;1.0;52.67;1;107
2;3;1.0;52.67;1;108
2;3;1.0;52.67;1;109
2;3;1.0;52.67;1;110
2;3;1.0;52.67;1;111
2;3;1.0;52.67;1;112
2;3;1.0;52.67;1;113
2;3;1.0;52.67;1;114
2;3;1.0;52.67;1;115
2;3;1.0;52.67;1;116
2;3;1.0;52.67;1;117
2;3;1.0;52.67;1;118
2;3;1.0;52.67;1;119
2;3;1.0;52.67;1;120
2;3;1.0;52.67;1;121
2;3;1.0;52.67;1;122
2;3;1.0;52.67;1;123
2;3;1.0;52.67;1;124
2;3;1.0;52.67;1;125
2;3;1.0;52.67;1;126
2;3;1.0;52.67;1;127
2;3;1.0;52.67;1;128
2;3;1.0;52.67;1;129
2;3;1.0;52.67;1;130
2;3;1.0;52.67;1;131
2;3;1.0;52.67;1;132
2;3;1.0;52.67;1;133
2;3;1.0;52.67;1;134
2;3;1.0;52.67;1;135
2;3;1.0;52.67;1;136
2;3;1.0;52.67;1;137
2;3;1.0;52.67;1;138
2;3;1.0;52.67;1;139
2;3;1.0;52.67;1;140
2;3;1.0;52.67;1;141
2;3;1.0;52.67;1;142
2;3;1.0;52.67;1;143
2;3;1.0;52.67;1;144
2;3;1.0;52.67;1;145
2;3;1.0;52.67;1;146
2;3;1.0;52.67;1;147
2;3;1.0;52.67;1;148
2;3;1.0;52.67;1;149
2;3;1.0;52.67;1;150
2;3;1.0;52.67;1;151
2;3;1.0;52.67;1;152
2;3;1.0;52.67;1;153
2;3;1.0;52.67;1;154
2;3;1.0;52.67;1;155
3;3;1.0;52.67;1;156
3;3;1.0;52.67;1;157
3;4;1.0;53.75;1;158
3;4;1.0;53.75;1;159
3;4;1.0;53.75;1;160
3;4;1.0;53.75;1;161
3;4;1.0;53.75;1;162
3;4;1.0;53.75;1;163
3;4;1.0;53.75;1;164
3;4;1.0;53.75;1;165
3;4;1.0;53.75;1;166
3;4;1.0;53.75;1;167
3;4;1.0;53.75;1;168
3;4;1.0;53.75;1;169
3;4;1.0;53.75;1;170
3;4;1.0;53.75;1;171
3;4;1.0;53.75;1;172
3;4;1.0;53.75;1;173
3;4;1.0;53.75;1;174
3;4;1.0;53.75;1;175
3;4;1.0;53.75;1;176
3;4;1.0;53.75;1;177
3;4;1.0;53.75;1;178
3;4;1.0;53.75;1;179
3;4;1.0;53.75;1;180
3;4;1.0;53.75;1;181
3;4;1.0;53.75;1;182
3;4;1.0;53.75;1;183
3;4;1.0;53.75;1;184
3;4;1.0;53.75;1;185
3;4;1.0;53.75;1;186
3;4;1.0;53.75;1;187
3;4;1.0;53.75;1;188
3;4;1.0;53.75;1;189
3;4;1.0;53.75;1;190
3;4;1.0;53.75;1;191
3;4;1.0;53.75;1;192
4;4;1.0;53.75;1;193
4;5;1.0;55.2;1;194
4;5;1.0;55.2;1;195
4;5;1.0;55.2;1;196
4;5;1.0;55.2;1;197
4;5;1.0;55.2;1;198
4;5;1.0;55.2;1;199
4;5;1.0;55.2;1;200
4;5;1.0;55.2;1;201
4;5;1.0;55.2;1;202
4;5;1.0;55.2;1;203
4;5;1.0;55.2;1;204
4;5;1.0;55.2;1;205
4;5;1.0;55.2;1;206
4;5;1.0;55.2;1;207
4;5;1.0;55.2;1;208
4;5;1.0;55.2;1;209
4;5;1.0;55.2;1;210
4;5;1.0;55.2;1;211
4;5;1.0;55.2;1;212
4;5;1.0;55.2;1;213
4;5;1.0;55.2;1;214
4;5;1.0;55.2;1;215
4;5;1.0;55.2;1;216
4;5;1.0;55.2;1;217
4;5;1.0;55.2;1;218
4;5;1.0;55.2;1;219
4;5;1.0;55.2;1;220
4;5;1.0;55.2;1;221
4;5;1.0;55.2;1;222
4;5;1.0;55.2;1;223
4;5;1.0;55.2;1;224
4;5;1.0;55.2;1;225
4;5;1.0;55.2;1;226
4;5;1.0;55.2;1;227
4;5;1.0;55.2;1;228
4;5;1.0;55.2;1;229
4;5;1.0;55.2;1;230
4;5;1.0;55.2;1;231
4;5;1.0;55.2;1;232
4;5;1.0;55.2;1;233
4;5;1.0;55.2;1;234
4;5;1.0;55.2;1;235
4;5;1.0;55.2;1;236
4;5;1.0;55.2;1;237
4;5;1.0;55.2;1;238
4;5;1.0;55.2;1;239
4;5;1.0;55.2;1;240
4;5;1.0;55.2;1;241
4;5;1.0;55.2;1;242
4;5;1.0;55.2;1;243
4;5;1.0;55.2;1;244
4;5;1.0;55.2;1;245
4;5;1.0;55.2;1;246
4;5;1.0;55.2;1;247
4;5;1.0;55.2;1;248
4;5;1.0;55.2;1;249
4;5;1.0;55.2;1;250
4;5;1.0;55.2;1;251
4;5;1.0;55.2;1;252
4;5;1.0;55.2;1;253
4;5;1.0;55.2;1;254
4;5;1.0;55.2;1;255
4;5;1.0;55.2;1;256
4;5;1.0;55.2;1;257
4;5;1.0;55.2;1;258
4;5;1.0;55.2;1;259
4;5;1.0;55.2;1;260
4;5;1.0;55.2;1;261
4;5;1.0;55.2;1;262
4;5;1.0;55.2;1;263
4;5;1.0;55.2;1;264
4;5;1.0;55.2;1;265
4;5;1.0;55.2;1;266
4;5;1.0;55.2;1;267
4;5;1.0;55.2;1;268
4;5;1.0;55.2;1;269
4;5;1.0;55.2;1;270
4;5;1.0;55.2;1;271
4;5;1.0;55.2;1;272
4;5;1.0;55.2;1;273
4;5;1.0;55.2;1;274
4;5;1.0;55.2;1;275
4;5;1.0;55.2;1;276
4;5;1.0;55.2;1;277
4;5;1.0;55.2;1;278
4;5;1.0;55.2;1;279
4;5;1.0;55.2;1;280
4;5;1.0;55.2;1;281
4;5;1.0;55.2;1;282
4;5;1.0;55.2;1;283
4;5;1.0;55.2;1;284
4;5;1.0;55.2;1;285
4;5;1.0;55.2;1;286
4;5;1.0;55.2;1;287
4;5;1.0;55.2;1;288
4;5;1.0;55.2;1;289
4;5;1.0;55.2;1;290
4;5;1.0;55.2;1;291
4;5;1.0;55.2;1;292
4;5;1.0;55.2;1;293
5;5;1.0;55.2;1;294
5;6;1.0;55.67;1;295
5;6;1.0;55.67;1;296
5;6;1.0;55.67;1;297
5;6;1.0;55.67;1;298
5;6;1.0;55.67;1;299
5;6;1.0;55.67;1;300
5;6;1.0;55.67;1;301
5;6;1.0;55.67;1;302
5;6;1.0;55.67;1;303
5;6;1.0;55.67;1;304
5;6;1.0;55.67;1;305
5;6;1.0;55.67;1;306
5;6;1.0;55.67;1;307
5;6;1.0;55.67;1;308
5;6;1.0;55.67;1;309
5;6;1.0;55.67;1;310
5;6;1.0;55.67;1;311
5;6;1.0;55.67;1;312
5;6;1.0;55.67;1;313
5;6;1.0;55.67;1;314
5;6;1.0;55.67;1;315
5;6;1.0;55.67;1;316
5;6;1.0;55.67;1;317
5;6;1.0;55.67;1;318
5;6;1.0;55.67;1;319
5;6;1.0;55.67;1;320
5;6;1.0;55.67;1;321
5;6;1.0;55.67;1;322
5;6;1.0;55.67;1;323
6;6;1.0;55.67;1;324
6;7;1.0;54.14;1;325
6;7;1.0;54.14;1;326
6;7;1.0;54.14;1;327
6;7;1.0;54.14;1;328
6;7;1.0;54.14;1;329
6;7;1.0;54.14;1;330
6;7;1.0;54.14;1;331
6;7;1.0;54.14;1;332
6;7;1.0;54.14;1;333
6;7;1.0;54.14;1;334
6;7;1.0;54.14;1;335
6;7;1.0;54.14;1;336
6;7;1.0;54.14;1;337
6;7;1.0;54.14;1;338
6;7;1.0;54.14;1;339
6;7;1.0;54.14;1;340
6;7;1.0;54.14;1;341
6;7;1.0;54.14;1;342
6;7;1.0;54.14;1;343
6;7;1.0;54.14;1;344
6;7;1.0;54.14;1;345
6;7;1.0;54.14;1;346
6;7;1.0;54.14;1;347
6;7;1.0;54.14;1;348
6;7;1.0;54.14;1;349
6;7;1.0;54.14;1;350
6;7;1.0;54.14;1;351
6;7;1.0;54.14;1;352
6;7;1.0;54.14;1;353
6;7;1.0;54.14;1;354
6;7;1.0;54.14;1;355
6;7;1.0;54.14;1;356
6;7;1.0;54.14;1;357
6;7;1.0;54.14;1;358
6;7;1.0;54.14;1;359
6;7;1.0;54.14;1;360
6;7;1.0;54.14;1;361
6;7;1.0;54.14;1;362
6;7;1.0;54.14;1;363
6;7;1.0;54.14;1;364
6;7;1.0;54.14;1;365
6;7;1.0;54.14;1;366
6;7;1.0;54.14;1;367
6;7;1.0;54.14;1;368
6;7;1.0;54.14;1;369
6;7;1.0;54.14;1;370
6;7;1.0;54.14;1;371
6;7;1.0;54.14;1;372
6;7;1.0;54.14;1;373
6;7;1.0;54.14;1;374
6;7;1.0;54.14;1;375
6;7;1.0;54.14;1;376
6;7;1.0;54.14;1;377
7;7;1.0;54.14;1;378
7;8;1.0;52.88;1;379
7;8;1.0;52.88;1;380
7;8;1.0;52.88;1;381
7;8;1.0;52.88;1;382
7;8;1.0;52.88;1;383
7;8;1.0;52.88;1;384
7;8;1.0;52.88;1;385
7;8;1.0;52.88;1;386
7;8;1.0;52.88;1;387
7;8;1.0;52.88;1;388
7;8;1.0;52.88;1;389
7;8;1.0;52.88;1;390
7;8;1.0;52.88;1;391
7;8;1.0;52.88;1;392
7;8;1.0;52.88;1;393
7;8;1.0;52.88;1;394
7;8;1.0;52.88;1;395
7;8;1.0;52.88;1;396
7;8;1.0;52.88;1;397
7;8;1.0;52.88;1;398
7;8;1.0;52.88;1;399
7;8;1.0;52.88;1;400
7;8;1.0;52.88;1;401
7;8;1.0;52.88;1;402
7;8;1.0;52.88;1;403
7;8;1.0;52.88;1;404
7;8;1.0;52.88;1;405
7;8;1.0;52.88;1;406
7;8;1.0;52.88;1;407
7;8;1.0;52.88;1;408
7;8;1.0;52.88;1;409
7;8;1.0;52.88;1;410
7;8;1.0;52.88;1;411
7;8;1.0;52.88;1;412
7;8;1.0;52.88;1;413
7;8;1.0;52.88;1;414
7;8;1.0;52.88;1;415
7;8;1.0;52.88;1;416
7;8;1.0;52.88;1;417
7;8;1.0;52.88;1;418
7;8;1.0;52.88;1;419
7;8;1.0;52.88;1;420
8;8;1.0;52.88;1;421
8;9;1.0;51.22;1;422
8;9;1.0;51.22;1;423
8;9;1.0;51.22;1;424
8;9;1.0;51.22;1;425
8;9;1.0;51.22;1;426
8;9;1.0;51.22;1;427
8;9;1.0;51.22;1;428
8;9;1.0;51.22;1;429
8;9;1.0;51.22;1;430
8;9;1.0;51.22;1;431
8;9;1.0;51.22;1;432
8;9;1.0;51.22;1;433
8;9;1.0;51.22;1;434
8;9;1.0;51.22;1;435
8;9;1.0;51.22;1;436
8;9;1.0;51.22;1;437
8;9;1.0;51.22;1;438
8;9;1.0;51.22;1;439
8;9;1.0;51.22;1;440
8;9;1.0;51.22;1;441
8;9;1.0;51.22;1;442
8;9;1.0;51.22;1;443
8;9;1.0;51.22;1;444
8;9;1.0;51.22;1;445
8;9;1.0;51.22;1;446
8;9;1.0;51.22;1;447
9;9;1.0;51.22;1;448
9;9;1.0;51.22;1;449
9;9;1.0;51.22;1;450
9;9;1.0;51.22;1;451
9;9;1.0;51.22;1;452
9;9;1.0;51.22;1;453
9;9;1.0;51.22;1;454
9;9;1.0;51.22;1;455
9;9;1.0;51.22;1;456
9;9;1.0;51.22;1;457
9;9;1.0;51.22;1;458
9;9;1.0;51.22;1;459
9;9;1.0;51.22;1;460
9;9;1.0;51.22;1;461
9;9;1.0;51.22;1;462
9;9;1.0;51.22;1;463
9;9;1.0;51.22;1;464
9;9;1.0;51.22;1;465
9;9;1.0;51.22;1;466
9;9;1.0;51.22;1;467
9;9;1.0;51.22;1;468
9;9;1.0;51.22;1;469
9;9;1.0;51.22;1;470
9;9;1.0;51.22;1;471
9;9;1.0;51.22;1;472
9;9;1.0;51.22;1;473
9;9;1.0;51.22;1;474
9;9;1.0;51.22;1;475
9;9;1.0;51.22;1;476
9;9;1.0;51.22;1;477
9;9;1.0;51.22;1;478
9;9;1.0;51.22;1;479
9;9;1.0;51.22;1;480
9;9;1.0;51.22;1;481
9;9;1.0;51.22;1;482
9;9;1.0;51.22;1;483
9;9;1.0;51.22;1;484
9;9;1.0;51.22;1;485
9;9;1.0;51.22;1;486
9;9;1.0;51.22;1;487
9;9;1.0;51.22;1;488
9;9;1.0;51.22;1;489
9;9;1.0;51.22;1;490
9;9;1.0;51.22;1;491
9;9;1.0;51.22;1;492
9;9;1.0;51.22;1;493
9;9;1.0;51.22;1;494
9;9;1.0;51.22;1;495
9;9;1.0;51.22;1;496
9;9;1.0;51.22;1;497
9;9;1.0;51.22;1;498
9;9;1.0;51.22;1;499
9;9;1.0;51.22;1;500
9;9;1.0;51.22;1;501
9;9;1.0;51.22;1;502
9;9;1.0;51.22;1;503
9;9;1.0;51.22;1;504
9;9;1.0;51.22;1;505
9;9;1.0;51.22;1;506
9;9;1.0;51.22;1;507
9;9;1.0;51.22;1;508
9;9;1.0;51.22;1;509
9;9;1.0;51.22;1;510
9;9;1.0;51.22;1;511
9;9;1.0;51.22;1;512
9;9;1.0;51.22;1;513
9;9;1.0;51.22;1;514
9;9;1.0;51.22;1;515
9;9;1.0;51.22;1;516
9;9;1.0;51.22;1;517
9;9;1.0;51.22;1;518
9;9;1.0;51.22;1;519
9;9;1.0;51.22;1;520
9;9;1.0;51.22;1;521
9;9;1.0;51.22;1;522
9;9;1.0;51.22;1;523
9;9;1.0;51.22;1;524
9;9;1.0;51.22;1;525
9;9;1.0;51.22;1;526
9;9;1.0;51.22;1;527
9;9;1.0;51.22;1;528
9;9;1.0;51.22;1;529
9;9;1.0;51.22;1;530
9;9;1.0;51.22;1;531
9;9;1.0;51.22;1;532
9;9;1.0;51.22;1;533
9;9;1.0;51.22;1;534
9;9;1.0;51.22;1;535
9;9;1.0;51.22;1;536
9;9;1.0;51.22;1;537
9;9;1.0;51.22;1;538
9;9;1.0;51.22;1;539
9;9;1.0;51.22;1;540
9;9;1.0;51.22;1;541
9;9;1.0;51.22;1;542
9;9;1.0;51.22;1;543
9;9;1.0;51.22;1;544
9;9;1.0;51.22;1;545
9;9;1.0;51.22;1;546
9;9;1.0;51.22;1;547
9;9;1.0;51.22;1;548
9;9;1.0;51.22;1;549
9;9;1.0;51.22;1;550
9;9;1.0;51.22;1;551
9;9;1.0;51.22;1;552
9;9;1.0;51.22;1;553
9;9;1.0;51.22;1;554
9;9;1.0;51.22;1;555
9;9;1.0;51.22;1;556
9;9;1.0;51.22;1;557
9;9;1.0;51.22;1;558
9;9;1.0;51.22;1;559
9;9;1.0;51.22;1;560
9;9;1.0;51.22;1;561
9;9;1.0;51.22;1;562
9;9;1.0;51.22;1;563
9;9;1.0;51.22;1;564
9;9;1.0;51.22;1;565
9;9;1.0;51.22;1;566
9;9;1.0;51.22;1;567
9;9;1.0;51.22;1;568
9;9;1.0;51.22;1;569
9;9;1.0;51.22;1;570
9;9;1.0;51.22;1;571
9;9;1.0;51.22;1;572
9;9;1.0;51.22;1;573
9;9;1.0;51.22;1;574
9;9;1.0;51.22;1;575
9;9;1.0;51.22;1;576
9;9;1.0;51.22;1;577
9;9;1.0;51.22;1;578
9;9;1.0;51.22;1;579
9;9;1.0;51.22;1;580
9;9;1.0;51.22;1;581
9;9;1.0;51.22;1;582
9;9;1.0;51.22;1;583
9;9;1.0;51.22;1;584
9;9;1.0;51.22;1;585
9;9;1.0;51.22;1;586
9;9;1.0;51.22;1;587
9;9;1.0;51.22;1;588
9;9;1.0;51.22;1;589
9;9;1.0;51.22;1;590
9;9;1.0;51.22;1;591
9;9;1.0;51.22;1;592
9;9;1.0;51.22;1;593
9;9;1.0;51.22;1;594
9;9;1.0;51.22;1;595
9;9;1.0;51.22;1;596
9;9;1.0;51.22;1;597
9;9;1.0;51.22;1;598
9;9;1.0;51.22;1;599
9;9;1.0;51.22;1;600
9;9;1.0;51.22;1;601
9;9;1.0;51.22;1;602
9;9;1.0;51.22;1;603
9;9;1.0;51.22;1;604
9;9;1.0;51.22;1;605
9;9;1.0;51.22;1;606
9;9;1.0;51.22;1;607
9;9;1.0;51.22;1;608
9;9;1.0;51.22;1;609
9;9;1.0;51.22;1;610
9;9;1.0;51.22;1;611
9;9;1.0;51.22;1;612
9;9;1.0;51.22;1;613
9;9;1.0;51.22;1;614
9;9;1.0;51.22;1;615
9;9;1.0;51.22;1;616
9;9;1.0;51.22;1;617
9;9;1.0;51.22;1;618
9;9;1.0;51.22;1;619
9;9;1.0;51.22;1;620
9;9;1.0;51.22;1;621
9;9;1.0;51.22;1;622
9;9;1.0;51.22;1;623
9;9;1.0;51.22;1;624
9;9;1.0;51.22;1;625
9;9;1.0;51.22;1;626
9;9;1.0;51.22;1;627
9;9;1.0;51.22;1;628
9;9;1.0;51.22;1;629
9;9;1.0;51.22;1;630
9;9;1.0;51.22;1;631
9;9;1.0;51.22;1;632
9;9;1.0;51.22;1;633
9;9;1.0;51.22;1;634
9;9;1.0;51.22;1;635
9;9;1.0;51.22;1;636
9;9;1.0;51.22;1;637
9;9;1.0;51.22;1;638
9;9;1.0;51.22;1;639
9;9;1.0;51.22;1;640
9;9;1.0;51.22;1;641
9;10;1.0;51.3;1;642
9;10;1.0;51.3;1;643
9;10;1.0;51.3;1;644
9;10;1.0;51.3;1;645
9;10;1.0;51.3;1;646
9;10;1.0;51.3;1;647
9;10;1.0;51.3;1;648
9;10;1.0;51.3;1;649
9;10;1.0;51.3;1;650
9;10;1.0;51.3;1;651
9;10;1.0;51.3;1;652
9;10;1.0;51.3;1;653
9;10;1.0;51.3;1;654
9;10;1.0;51.3;1;655
9;10;1.0;51.3;1;656
9;10;1.0;51.3;1;657
9;10;1.0;51.3;1;658
9;10;1.0;51.3;1;659
9;10;1.0;51.3;1;660
9;10;1.0;51.3;1;661
9;10;1.0;51.3;1;662
9;10;1.0;51.3;1;663
9;10;1.0;51.3;1;664
9;10;1.0;51.3;1;665
9;10;1.0;51.3;1;666
9;10;1.0;51.3;1;667
9;10;1.0;51.3;1;668
9;10;1.0;51.3;1;669
9;10;1.0;51.3;1;670
9;10;1.0;51.3;1;671
9;10;1.0;51.3;1;672
9;10;1.0;51.3;1;673
9;10;1.0;51.3;1;674
9;10;1.0;51.3;1;675
9;10;1.0;51.3;1;676
9;10;1.0;51.3;1;677
9;10;1.0;51.3;1;678
9;10;1.0;51.3;1;679
9;10;1.0;51.3;1;680
9;10;1.0;51.3;1;681
9;10;1.0;51.3;1;682
9;10;1.0;51.3;1;683
9;10;1.0;51.3;1;684
9;10;1.0;51.3;1;685
9;10;1.0;51.3;1;686
9;10;1.0;51.3;1;687
9;10;1.0;51.3;1;688
9;10;1.0;51.3;1;689
9;10;1.0;51.3;1;690
9;10;1.0;51.3;1;691
9;10;1.0;51.3;1;692
9;10;1.0;51.3;1;693
9;10;1.0;51.3;1;694
9;10;1.0;51.3;1;695
9;10;1.0;51.3;1;696
9;10;1.0;51.3;1;697
9;10;1.0;51.3;1;698
9;10;1.0;51.3;1;699
9;10;1.0;51.3;1;700
9;10;1.0;51.3;1;701
9;10;1.0;51.3;1;702
9;10;1.0;51.3;1;703
9;10;1.0;51.3;1;704
9;10;1.0;51.3;1;705
9;10;1.0;51.3;1;706
9;10;1.0;51.3;1;707
9;10;1.0;51.3;1;708
9;10;1.0;51.3;1;709
10;10;1.0;51.3;1;710
10;11;1.0;50.27;1;711
10;11;1.0;50.27;1;712
10;11;1.0;50.27;1;713
10;11;1.0;50.27;1;714
10;11;1.0;50.27;1;715
10;11;1.0;50.27;1;716
10;11;1.0;50.27;1;717
10;11;1.0;50.27;1;718
10;11;1.0;50.27;1;719
10;11;1.0;50.27;1;720
10;11;1.0;50.27;1;721
10;11;1.0;50.27;1;722
10;11;1.0;50.27;1;723
10;11;1.0;50.27;1;724
10;11;1.0;50.27;1;725
10;11;1.0;50.27;1;726
10;11;1.0;50.27;1;727
10;11;1.0;50.27;1;728
10;11;1.0;50.27;1;729
10;11;1.0;50.27;1;730
10;11;1.0;50.27;1;731
10;11;1.0;50.27;1;732
10;11;1.0;50.27;1;733
10;11;1.0;50.27;1;734
10;11;1.0;50.27;1;735
10;11;1.0;50.27;1;736
10;11;1.0;50.27;1;737
10;11;1.0;50.27;1;738
10;11;1.0;50.27;1;739
10;11;1.0;50.27;1;740
10;11;1.0;50.27;1;741
10;11;1.0;50.27;1;742
10;11;1.0;50.27;1;743
10;11;1.0;50.27;1;744
10;11;1.0;50.27;1;745
10;11;1.0;50.27;1;746
10;11;1.0;50.27;1;747
10;11;1.0;50.27;1;748
10;11;1.0;50.27;1;749
10;11;1.0;50.27;1;750
10;11;1.0;50.27;1;751
10;11;1.0;50.27;1;752
10;11;1.0;50.27;1;753
10;11;1.0;50.27;1;754
10;11;1.0;50.27;1;755
10;11;1.0;50.27;1;756
10;11;1.0;50.27;1;757
10;11;1.0;50.27;1;758
10;11;1.0;50.27;1;759
10;11;1.0;50.27;1;760
10;11;1.0;50.27;1;761
10;11;1.0;50.27;1;762
10;11;1.0;50.27;1;763
10;11;1.0;50.27;1;764
10;11;1.0;50.27;1;765
10;11;1.0;50.27;1;766
10;11;1.0;50.27;1;767
10;11;1.0;50.27;1;768
10;11;1.0;50.27;1;769
10;11;1.0;50.27;1;770
10;11;1.0;50.27;1;771
10;11;1.0;50.27;1;772
10;11;1.0;50.27;1;773
10;11;1.0;50.27;1;774
10;11;1.0;50.27;1;775
10;11;1.0;50.27;1;776
10;11;1.0;50.27;1;777
10;11;1.0;50.27;1;778
10;11;1.0;50.27;1;779
10;11;1.0;50.27;1;780
10;11;1.0;50.27;1;781
10;11;1.0;50.27;1;782
10;11;1.0;50.27;1;783
10;11;1.0;50.27;1;784
10;11;1.0;50.27;1;785
10;11;1.0;50.27;1;786
10;11;1.0;50.27;1;787
10;11;1.0;50.27;1;788
10;11;1.0;50.27;1;789
10;11;1.0;50.27;1;790
10;11;1.0;50.27;1;791
10;11;1.0;50.27;1;792
10;11;1.0;50.27;1;793
10;11;1.0;50.27;1;794
10;11;1.0;50.27;1;795
10;11;1.0;50.27;1;796
10;11;1.0;50.27;1;797
10;11;1.0;50.27;1;798
10;11;1.0;50.27;1;799
10;11;1.0;50.27;1;800
10;11;1.0;50.27;1;801
10;11;1.0;50.27;1;802
10;11;1.0;50.27;1;803
10;11;1.0;50.27;1;804
10;11;1.0;50.27;1;805
10;11;1.0;50.27;1;806
10;11;1.0;50.27;1;807
10;11;1.0;50.27;1;808
10;11;1.0;50.27;1;809
10;11;1.0;50.27;1;810
10;11;1.0;50.27;1;811
10;11;1.0;50.27;1;812
10;11;1.0;50.27;1;813
10;11;1.0;50.27;1;814
10;11;1.0;50.27;1;815
10;11;1.0;50.27;1;816
10;11;1.0;50.27;1;817
10;11;1.0;50.27;1;818
10;11;1.0;50.27;1;819
10;11;1.0;50.27;1;820
10;11;1.0;50.27;1;821
11;11;1.0;50.27;1;822
11;12;1.0;48.58;1;823
11;12;1.0;48.58;1;824
11;12;1.0;48.58;1;825
11;12;1.0;48.58;1;826
11;12;1.0;48.58;1;827
11;12;1.0;48.58;1;828
11;12;1.0;48.58;1;829
11;12;1.0;48.58;1;830
11;12;1.0;48.58;1;831
11;12;1.0;48.58;1;832
11;12;1.0;48.58;1;833
11;12;1.0;48.58;1;834
11;12;1.0;48.58;1;835
11;12;1.0;48.58;1;836
11;12;1.0;48.58;1;837
11;12;1.0;48.58;1;838
11;12;1.0;48.58;1;839
11;12;1.0;48.58;1;840
11;12;1.0;48.58;1;841
11;12;1.0;48.58;1;842
11;12;1.0;48.58;1;843
11;12;1.0;48.58;1;844
11;12;1.0;48.58;1;845
11;12;1.0;48.58;1;846
11;12;1.0;48.58;1;847
11;12;1.0;48.58;1;848
11;12;1.0;48.58;1;849
11;12;1.0;48.58;1;850
11;12;1.0;48.58;1;851
11;12;1.0;48.58;1;852
11;12;1.0;48.58;1;853
11;12;1.0;48.58;1;854
11;12;1.0;48.58;1;855
11;12;1.0;48.58;1;856
11;12;1.0;48.58;1;857
11;12;1.0;48.58;1;858
11;12;1.0;48.58;1;859
11;12;1.0;48.58;1;860
11;12;1.0;48.58;1;861
11;12;1.0;48.58;1;862
11;12;1.0;48.58;1;863
11;12;1.0;48.58;1;864
11;12;1.0;48.58;1;865
11;12;1.0;48.58;1;866
11;12;1.0;48.58;1;867
11;12;1.0;48.58;1;868
11;12;1.0;48.58;1;869
11;12;1.0;48.58;1;870
11;12;1.0;48.58;1;871
11;12;1.0;48.58;1;872
11;12;1.0;48.58;1;873
11;12;1.0;48.58;1;874
11;12;1.0;48.58;1;875
11;12;1.0;48.58;1;876
11;12;1.0;48.58;1;877
11;12;1.0;48.58;1;878
11;12;1.0;48.58;1;879
11;12;1.0;48.58;1;880
11;12;1.0;48.58;1;881
11;12;1.0;48.58;1;882
11;12;1.0;48.58;1;883
11;12;1.0;48.58;1;884
11;12;1.0;48.58;1;885
11;12;1.0;48.58;1;886
11;12;1.0;48.58;1;887
11;12;1.0;48.58;1;888
11;12;1.0;48.58;1;889
11;12;1.0;48.58;1;890
11;12;1.0;48.58;1;891
11;12;1.0;48.58;1;892
11;12;1.0;48.58;1;893
11;12;1.0;48.58;1;894
11;12;1.0;48.58;1;895
11;12;1.0;48.58;1;896
11;12;1.0;48.58;1;897
11;12;1.0;48.58;1;898
11;12;1.0;48.58;1;899
11;12;1.0;48.58;1;900
11;12;1.0;48.58;1;901
11;12;1.0;48.58;1;902
11;12;1.0;48.58;1;903
11;12;1.0;48.58;1;904
11;12;1.0;48.58;1;905
11;12;1.0;48.58;1;906
11;12;1.0;48.58;1;907
11;12;1.0;48.58;1;908
11;12;1.0;48.58;1;909
11;12;1.0;48.58;1;910
11;12;1.0;48.58;1;911
11;12;1.0;48.58;1;912
11;12;1.0;48.58;1;913
11;12;1.0;48.58;1;914
11;12;1.0;48.58;1;915
11;12;1.0;48.58;1;916
11;12;1.0;48.58;1;917
11;12;1.0;48.58;1;918
11;12;1.0;48.58;1;919
11;12;1.0;48.58;1;920
11;12;1.0;48.58;1;921
11;12;1.0;48.58;1;922
11;12;1.0;48.58;1;923
11;12;1.0;48.58;1;924
11;12;1.0;48.58;1;925
11;12;1.0;48.58;1;926
11;12;1.0;48.58;1;927
11;12;1.0;48.58;1;928
11;12;1.0;48.58;1;929
11;12;1.0;48.58;1;930
11;12;1.0;48.58;1;931
11;12;1.0;48.58;1;932
11;12;1.0;48.58;1;933
11;12;1.0;48.58;1;934
11;12;1.0;48.58;1;935
11;12;1.0;48.58;1;936
11;12;1.0;48.58;1;937
11;12;1.0;48.58;1;938
11;12;1.0;48.58;1;939
11;12;1.0;48.58;1;940
11;12;1.0;48.58;1;941
11;12;1.0;48.58;1;942
11;12;1.0;48.58;1;943
11;12;1.0;48.58;1;944
11;12;1.0;48.58;1;945
11;12;1.0;48.58;1;946
11;12;1.0;48.58;1;947
11;12;1.0;48.58;1;948
11;12;1.0;48.58;1;949
12;12;1.0;48.58;1;950
12;12;1.0;48.58;1;951
12;12;1.0;48.58;1;952
12;12;1.0;48.58;1;953
12;13;1.0;48.0;1;954
12;13;1.0;48.0;1;955
12;13;1.0;48.0;1;956
12;13;1.0;48.0;1;957
12;13;1.0;48.0;1;958
12;13;1.0;48.0;1;959
12;13;1.0;48.0;1;960
12;13;1.0;48.0;1;961
12;13;1.0;48.0;1;962
12;13;1.0;48.0;1;963
12;13;1.0;48.0;1;964
12;13;1.0;48.0;1;965
12;13;1.0;48.0;1;966
12;13;1.0;48.0;1;967
12;13;1.0;48.0;1;968
12;13;1.0;48.0;1;969
12;13;1.0;48.0;1;970
12;13;1.0;48.0;1;971
12;13;1.0;48.0;1;972
12;13;1.0;48.0;1;973
12;13;1.0;48.0;1;974
12;13;1.0;48.0;1;975
12;13;1.0;48.0;1;976
12;13;1.0;48.0;1;977
12;13;1.0;48.0;1;978
12;13;1.0;48.0;1;979
12;13;1.0;48.0;1;980
12;13;1.0;48.0;1;981
12;13;1.0;48.0;1;982
12;13;1.0;48.0;1;983
12;13;1.0;48.0;1;984
12;13;1.0;48.0;1;985
12;13;1.0;48.0;1;986
12;13;1.0;48.0;1;987
12;13;1.0;48.0;1;988
12;13;1.0;48.0;1;989
12;13;1.0;48.0;1;990
12;13;1.0;48.0;1;991
12;13;1.0;48.0;1;992
12;13;1.0;48.0;1;993
12;13;1.0;48.0;1;994
12;13;1.0;48.0;1;995
12;13;1.0;48.0;1;996
12;13;1.0;48.0;1;997
12;13;1.0;48.0;1;998
12;13;1.0;48.0;1;999
12;13;1.0;48.0;1;1000
12;13;1.0;48.0;1;1001
12;13;1.0;48.0;1;1002
12;13;1.0;48.0;1;1003
12;13;1.0;48.0;1;1004
12;13;1.0;48.0;1;1005
12;13;1.0;48.0;1;1006
12;13;1.0;48.0;1;1007
12;13;1.0;48.0;1;1008
13;13;1.0;48.0;1;1009
13;13;1.0;48.0;1;1010
13;13;1.0;48.0;1;1011
13;13;1.0;48.0;1;1012
13;13;1.0;48.0;1;1013
13;13;1.0;48.0;1;1014
13;13;1.0;48.0;1;1015
13;13;1.0;48.0;1;1016
13;13;1.0;48.0;1;1017
13;13;1.0;48.0;1;1018
13;13;1.0;48.0;1;1019
13;13;1.0;48.0;1;1020
13;13;1.0;48.0;1;1021
13;13;1.0;48.0;1;1022
13;13;1.0;48.0;1;1023
13;13;1.0;48.0;1;1024
13;13;1.0;48.0;1;1025
13;13;1.0;48.0;1;1026
13;13;1.0;48.0;1;1027
13;13;1.0;48.0;1;1028
13;13;1.0;48.0;1;1029
13;13;1.0;48.0;1;1030
13;13;1.0;48.0;1;1031
13;13;1.0;48.0;1;1032
13;13;1.0;48.0;1;1033
13;13;1.0;48.0;1;1034
13;13;1.0;48.0;1;1035
13;13;1.0;48.0;1;1036
13;13;1.0;48.0;1;1037
13;13;1.0;48.0;1;1038
13;13;1.0;48.0;1;1039
13;13;1.0;48.0;1;1040
13;13;1.0;48.0;1;1041
13;13;1.0;48.0;1;1042
13;13;1.0;48.0;1;1043
13;13;1.0;48.0;1;1044
13;13;1.0;48.0;1;1045
13;13;1.0;48.0;1;1046
13;13;1.0;48.0;1;1047
13;13;1.0;48.0;1;1048
13;13;1.0;48.0;1;1049
13;13;1.0;48.0;1;1050
13;13;1.0;48.0;1;1051
13;13;1.0;48.0;1;1052
13;13;1.0;48.0;1;1053
13;13;1.0;48.0;1;1054
13;13;1.0;48.0;1;1055
13;13;1.0;48.0;1;1056
13;13;1.0;48.0;1;1057
13;13;1.0;48.0;1;1058
13;13;1.0;48.0;1;1059
13;13;1.0;48.0;1;1060
13;13;1.0;48.0;1;1061
13;13;1.0;48.0;1;1062
13;13;1.0;48.0;1;1063
13;13;1.0;48.0;1;1064
13;13;1.0;48.0;1;1065
13;13;1.0;48.0;1;1066
13;13;1.0;48.0;1;1067
13;13;1.0;48.0;1;1068
13;13;1.0;48.0;1;1069
13;13;1.0;48.0;1;1070
13;13;1.0;48.0;1;1071
13;13;1.0;48.0;1;1072
13;13;1.0;48.0;1;1073
13;13;1.0;48.0;1;1074
13;13;1.0;48.0;1;1075
13;13;1.0;48.0;1;1076
13;13;1.0;48.0;1;1077
13;13;1.0;48.0;1;1078
13;13;1.0;48.0;1;1079
13;13;1.0;48.0;1;1080
13;13;1.0;48.0;1;1081
13;13;1.0;48.0;1;1082
13;13;1.0;48.0;1;1083
13;13;1.0;48.0;1;1084
13;13;1.0;48.0;1;1085
13;13;1.0;48.0;1;1086
13;13;1.0;48.0;1;1087
13;13;1.0;48.0;1;1088
13;13;1.0;48.0;1;1089
13;13;1.0;48.0;1;1090
13;13;1.0;48.0;1;1091
13;13;1.0;48.0;1;1092
13;13;1.0;48.0;1;1093
13;13;1.0;48.0;1;1094
13;13;1.0;48.0;1;1095
13;13;1.0;48.0;1;1096
13;13;1.0;48.0;1;1097
13;13;1.0;48.0;1;1098
13;13;1.0;48.0;1;1099
13;13;1.0;48.0;1;1100
13;13;1.0;48.0;1;1101
13;13;1.0;48.0;1;1102
13;13;1.0;48.0;1;1103
13;13;1.0;48.0;1;1104
13;13;1.0;48.0;1;1105
13;13;1.0;48.0;1;1106
13;13;1.0;48.0;1;1107
13;13;1.0;48.0;1;1108
13;13;1.0;48.0;1;1109
13;13;1.0;48.0;1;1110
13;13;1.0;48.0;1;1111
13;13;1.0;48.0;1;1112
13;13;1.0;48.0;1;1113
13;13;1.0;48.0;1;1114
13;13;1.0;48.0;1;1115
13;13;1.0;48.0;1;1116
13;13;1.0;48.0;1;1117
13;13;1.0;48.0;1;1118
13;13;1.0;48.0;1;1119
13;13;1.0;48.0;1;1120
13;13;1.0;48.0;1;1121
13;13;1.0;48.0;1;1122
13;13;1.0;48.0;1;1123
13;13;1.0;48.0;1;1124
13;13;1.0;48.0;1;1125
13;13;1.0;48.0;1;1126
13;13;1.0;48.0;1;1127
13;13;1.0;48.0;1;1128
13;13;1.0;48.0;1;1129
13;13;1.0;48.0;1;1130
13;13;1.0;48.0;1;1131
13;13;1.0;48.0;1;1132
13;13;1.0;48.0;1;1133
13;13;1.0;48.0;1;1134
13;13;1.0;48.0;1;1135
13;13;1.0;48.0;1;1136
13;13;1.0;48.0;1;1137
13;13;1.0;48.0;1;1138
13;13;1.0;48.0;1;1139
13;13;1.0;48.0;1;1140
13;13;1.0;48.0;1;1141
13;13;1.0;48.0;1;1142
13;13;1.0;48.0;1;1143
13;13;1.0;48.0;1;1144
13;13;1.0;48.0;1;1145
13;13;1.0;48.0;1;1146
13;13;1.0;48.0;1;1147
13;13;1.0;48.0;1;1148
13;13;1.0;48.0;1;1149
13;13;1.0;48.0;1;1150
13;13;1.0;48.0;1;1151
13;13;1.0;48.0;1;1152
13;13;1.0;48.0;1;1153
13;13;1.0;48.0;1;1154
13;13;1.0;48.0;1;1155
13;13;1.0;48.0;1;1156
13;13;1.0;48.0;1;1157
13;13;1.0;48.0;1;1158
13;13;1.0;48.0;1;1159
13;13;1.0;48.0;1;1160
13;13;1.0;48.0;1;1161
13;13;1.0;48.0;1;1162
13;13;1.0;48.0;1;1163
13;13;1.0;48.0;1;1164
13;13;1.0;48.0;1;1165
13;13;1.0;48.0;1;1166
13;13;1.0;48.0;1;1167
13;13;1.0;48.0;1;1168
13;13;1.0;48.0;1;1169
13;13;1.0;48.0;1;1170
13;13;1.0;48.0;1;1171
13;13;1.0;48.0;1;1172
13;13;1.0;48.0;1;1173
13;13;1.0;48.0;1;1174
13;13;1.0;48.0;1;1175
13;13;1.0;48.0;1;1176
13;13;1.0;48.0;1;1177
13;13;1.0;48.0;1;1178
13;13;1.0;48.0;1;1179
13;13;1.0;48.0;1;1180
13;13;1.0;48.0;1;1181
13;13;1.0;48.0;1;1182
13;13;1.0;48.0;1;1183
13;13;1.0;48.0;1;1184
13;13;1.0;48.0;1;1185
13;13;1.0;48.0;1;1186
13;13;1.0;48.0;1;1187
13;13;1.0;48.0;1;1188
13;13;1.0;48.0;1;1189
13;13;1.0;48.0;1;1190
13;13;1.0;48.0;1;1191
14;13;1.0;48.0;1;1192
14;13;1.0;48.0;1;1193
14;13;1.0;48.0;1;1194
14;13;1.0;48.0;1;1195
14;13;1.0;48.0;1;1196
14;13;1.0;48.0;1;1197
14;13;1.0;48.0;1;1198
14;13;1.0;48.0;1;1199
14;13;1.0;48.0;1;1200
14;13;1.0;48.0;1;1201
14;13;1.0;48.0;1;1202
14;13;1.0;48.0;1;1203
14;13;1.0;48.0;1;1204
14;13;1.0;48.0;1;1205
14;13;1.0;48.0;1;1206
14;13;1.0;48.0;1;1207
14;13;1.0;48.0;1;1208
14;13;1.0;48.0;1;1209
14;13;1.0;48.0;1;1210
14;13;1.0;48.0;1;1211
14;13;1.0;48.0;1;1212
14;13;1.0;48.0;1;1213
14;13;1.0;48.0;1;1214
14;13;1.0;48.0;1;1215
14;13;1.0;48.0;1;1216
14;13;1.0;48.0;1;1217
14;13;1.0;48.0;1;1218
14;13;1.0;48.0;1;1219
14;13;1.0;48.0;1;1220
14;13;1.0;48.0;1;1221
14;13;1.0;48.0;1;1222
14;13;1.0;48.0;1;1223
14;13;1.0;48.0;1;1224
14;13;1.0;48.0;1;1225
14;13;1.0;48.0;1;1226
14;13;1.0;48.0;1;1227
14;13;1.0;48.0;1;1228
14;13;1.0;48.0;1;1229
14;13;1.0;48.0;1;1230
14;13;1.0;48.0;1;1231
14;13;1.0;48.0;1;1232
14;13;1.0;48.0;1;1233
14;13;1.0;48.0;1;1234
14;13;1.0;48.0;1;1235
14;13;1.0;48.0;1;1236
14;13;1.0;48.0;1;1237
14;13;1.0;48.0;1;1238
14;13;1.0;48.0;1;1239
14;13;1.0;48.0;1;1240
14;13;1.0;48.0;1;1241
14;13;1.0;48.0;1;1242
14;13;1.0;48.0;1;1243
14;13;1.0;48.0;1;1244
14;13;1.0;48.0;1;1245
14;13;1.0;48.0;1;1246
14;13;1.0;48.0;1;1247
14;13;1.0;48.0;1;1248
14;13;1.0;48.0;1;1249
14;13;1.0;48.0;1;1250
14;13;1.0;48.0;1;1251
14;13;1.0;48.0;1;1252
14;13;1.0;48.0;1;1253
14;13;1.0;48.0;1;1254
14;13;1.0;48.0;1;1255
14;13;1.0;48.0;1;1256
15;13;1.0;48.0;1;1257
15;13;1.0;48.0;1;1258
15;13;1.0;48.0;1;1259
15;13;1.0;48.0;1;1260
15;13;1.0;48.0;1;1261
15;13;1.0;48.0;1;1262
15;13;1.0;48.0;1;1263
15;13;1.0;48.0;1;1264
15;13;1.0;48.0;1;1265
15;13;1.0;48.0;1;1266
15;13;1.0;48.0;1;1267
15;13;1.0;48.0;1;1268
15;13;1.0;48.0;1;1269
15;13;1.0;48.0;1;1270
15;13;1.0;48.0;1;1271
15;13;1.0;48.0;1;1272
15;13;1.0;48.0;1;1273
15;13;1.0;48.0;1;1274
15;13;1.0;48.0;1;1275
15;13;1.0;48.0;1;1276
15;13;1.0;48.0;1;1277
15;13;1.0;48.0;1;1278
15;13;1.0;48.0;1;1279
15;13;1.0;48.0;1;1280
15;13;1.0;48.0;1;1281
15;13;1.0;48.0;1;1282
15;13;1.0;48.0;1;1283
15;13;1.0;48.0;1;1284
15;13;1.0;48.0;1;1285
15;13;1.0;48.0;1;1286
15;13;1.0;48.0;1;1287
15;13;1.0;48.0;1;1288
15;13;1.0;48.0;1;1289
15;13;1.0;48.0;1;1290
15;13;1.0;48.0;1;1291
15;13;1.0;48.0;1;1292
15;13;1.0;48.0;1;1293
15;13;1.0;48.0;1;1294
15;13;1.0;48.0;1;1295
15;13;1.0;48.0;1;1296
15;13;1.0;48.0;1;1297
15;13;1.0;48.0;1;1298
15;13;1.0;48.0;1;1299
15;13;1.0;48.0;1;1300
15;13;1.0;48.0;1;1301
15;13;1.0;48.0;1;1302
15;13;1.0;48.0;1;1303
15;13;1.0;48.0;1;1304
15;13;1.0;48.0;1;1305
15;13;1.0;48.0;1;1306
15;13;1.0;48.0;1;1307
15;13;1.0;48.0;1;1308
15;13;1.0;48.0;1;1309
15;13;1.0;48.0;1;1310
15;13;1.0;48.0;1;1311
15;13;1.0;48.0;1;1312
15;13;1.0;48.0;1;1313
15;13;1.0;48.0;1;1314
15;13;1.0;48.0;1;1315
15;13;1.0;48.0;1;1316
15;13;1.0;48.0;1;1317
15;13;1.0;48.0;1;1318
15;13;1.0;48.0;1;1319
15;13;1.0;48.0;1;1320
15;13;1.0;48.0;1;1321
15;13;1.0;48.0;1;1322
15;13;1.0;48.0;1;1323
15;13;1.0;48.0;1;1324
15;13;1.0;48.0;1;1325
15;13;1.0;48.0;1;1326
15;13;1.0;48.0;1;1327
15;13;1.0;48.0;1;1328
15;13;1.0;48.0;1;1329
15;13;1.0;48.0;1;1330
15;13;1.0;48.0;1;1331
15;13;1.0;48.0;1;1332
15;13;1.0;48.0;1;1333
15;13;1.0;48.0;1;1334
15;13;1.0;48.0;1;1335
15;13;1.0;48.0;1;1336
15;13;1.0;48.0;1;1337
15;13;1.0;48.0;1;1338
15;13;1.0;48.0;1;1339
15;13;1.0;48.0;1;1340
15;13;1.0;48.0;1;1341
15;13;1.0;48.0;1;1342
15;13;1.0;48.0;1;1343
15;13;1.0;48.0;1;1344
15;13;1.0;48.0;1;1345
15;13;1.0;48.0;1;1346
15;13;1.0;48.0;1;1347
15;13;1.0;48.0;1;1348
15;13;1.0;48.0;1;1349
15;13;1.0;48.0;1;1350
15;13;1.0;48.0;1;1351
15;13;1.0;48.0;1;1352
15;13;1.0;48.0;1;1353
15;13;1.0;48.0;1;1354
15;13;1.0;48.0;1;1355
15;13;1.0;48.0;1;1356
15;13;1.0;48.0;1;1357
15;13;1.0;48.0;1;1358
15;13;1.0;48.0;1;1359
15;13;1.0;48.0;1;1360
15;13;1.0;48.0;1;1361
15;13;1.0;48.0;1;1362
15;13;1.0;48.0;1;1363
15;13;1.0;48.0;1;1364
15;13;1.0;48.0;1;1365
15;13;1.0;48.0;1;1366
15;13;1.0;48.0;1;1367
15;13;1.0;48.0;1;1368
15;13;1.0;48.0;1;1369
15;13;1.0;48.0;1;1370
15;13;1.0;48.0;1;1371
15;13;1.0;48.0;1;1372
15;13;1.0;48.0;1;1373
15;13;1.0;48.0;1;1374
15;13;1.0;48.0;1;1375
15;13;1.0;48.0;1;1376
15;13;1.0;48.0;1;1377
15;13;1.0;48.0;1;1378
15;13;1.0;48.0;1;1379
15;13;1.0;48.0;1;1380
15;13;1.0;48.0;1;1381
15;13;1.0;48.0;1;1382
15;13;1.0;48.0;1;1383
15;13;1.0;48.0;1;1384
15;13;1.0;48.0;1;1385
15;13;1.0;48.0;1;1386
15;13;1.0;48.0;1;1387
15;13;1.0;48.0;1;1388
15;13;1.0;48.0;1;1389
15;13;1.0;48.0;1;1390
15;13;1.0;48.0;1;1391
15;13;1.0;48.0;1;1392
15;13;1.0;48.0;1;1393
15;13;1.0;48.0;1;1394
15;13;1.0;48.0;1;1395
15;13;1.0;48.0;1;1396
15;13;1.0;48.0;1;1397
15;13;1.0;48.0;1;1398
15;13;1.0;48.0;1;1399
15;13;1.0;48.0;1;1400
15;13;1.0;48.0;1;1401
15;13;1.0;48.0;1;1402
15;13;1.0;48.0;1;1403
15;13;1.0;48.0;1;1404
15;13;1.0;48.0;1;1405
15;13;1.0;48.0;1;1406
15;13;1.0;48.0;1;1407
15;13;1.0;48.0;1;1408
15;13;1.0;48.0;1;1409
15;13;1.0;48.0;1;1410
15;13;1.0;48.0;1;1411
15;13;1.0;48.0;1;1412
15;13;1.0;48.0;1;1413
15;13;1.0;48.0;1;1414
15;13;1.0;48.0;1;1415
15;13;1.0;48.0;1;1416
15;13;1.0;48.0;1;1417
15;13;1.0;48.0;1;1418
15;13;1.0;48.0;1;1419
15;13;1.0;48.0;1;1420
15;13;1.0;48.0;1;1421
15;13;1.0;48.0;1;1422
15;13;1.0;48.0;1;1423
15;13;1.0;48.0;1;1424
15;13;1.0;48.0;1;1425
15;13;1.0;48.0;1;1426
15;13;1.0;48.0;1;1427
15;13;1.0;48.0;1;1428
15;13;1.0;48.0;1;1429
15;13;1.0;48.0;1;1430
15;13;1.0;48.0;1;1431
15;13;1.0;48.0;1;1432
15;13;1.0;48.0;1;1433
15;13;1.0;48.0;1;1434
15;13;1.0;48.0;1;1435
15;13;1.0;48.0;1;1436
15;13;1.0;48.0;1;1437
15;13;1.0;48.0;1;1438
15;13;1.0;48.0;1;1439
15;13;1.0;48.0;1;1440
15;13;1.0;48.0;1;1441
15;13;1.0;48.0;1;1442
15;13;1.0;48.0;1;1443
15;13;1.0;48.0;1;1444
15;13;1.0;48.0;1;1445
15;13;1.0;48.0;1;1446
15;13;1.0;48.0;1;1447
15;13;1.0;48.0;1;1448
15;13;1.0;48.0;1;1449
15;13;1.0;48.0;1;1450
15;13;1.0;48.0;1;1451
15;13;1.0;48.0;1;1452
15;13;1.0;48.0;1;1453
15;13;1.0;48.0;1;1454
15;13;1.0;48.0;1;1455
15;13;1.0;48.0;1;1456
15;13;1.0;48.0;1;1457
15;13;1.0;48.0;1;1458
15;13;1.0;48.0;1;1459
15;13;1.0;48.0;1;1460
15;13;1.0;48.0;1;1461
15;13;1.0;48.0;1;1462
15;13;1.0;48.0;1;1463
15;13;1.0;48.0;1;1464
15;13;1.0;48.0;1;1465
15;13;1.0;48.0;1;1466
15;13;1.0;48.0;1;1467
15;13;1.0;48.0;1;1468
15;13;1.0;48.0;1;1469
15;13;1.0;48.0;1;1470
15;13;1.0;48.0;1;1471
15;13;1.0;48.0;1;1472
15;13;1.0;48.0;1;1473
15;13;1.0;48.0;1;1474
15;13;1.0;48.0;1;1475
15;13;1.0;48.0;1;1476
15;13;1.0;48.0;1;1477
15;13;1.0;48.0;1;1478
15;13;1.0;48.0;1;1479
15;13;1.0;48.0;1;1480
15;13;1.0;48.0;1;1481
15;13;1.0;48.0;1;1482
15;13;1.0;48.0;1;1483
15;13;1.0;48.0;1;1484
15;13;1.0;48.0;1;1485
15;13;1.0;48.0;1;1486
15;13;1.0;48.0;1;1487
15;13;1.0;48.0;1;1488
15;13;1.0;48.0;1;1489
15;13;1.0;48.0;1;1490
15;13;1.0;48.0;1;1491
15;13;1.0;48.0;1;1492
15;13;1.0;48.0;1;1493
15;13;1.0;48.0;1;1494
15;13;1.0;48.0;1;1495
15;13;1.0;48.0;1;1496
15;13;1.0;48.0;1;1497
15;13;1.0;48.0;1;1498
15;13;1.0;48.0;1;1499
15;13;1.0;48.0;1;1500
15;13;1.0;48.0;1;1501
15;13;1.0;48.0;1;1502
15;13;1.0;48.0;1;1503
15;13;1.0;48.0;1;1504
15;13;1.0;48.0;1;1505
15;13;1.0;48.0;1;1506
15;13;1.0;48.0;1;1507
15;13;1.0;48.0;1;1508
15;13;1.0;48.0;1;1509
15;13;1.0;48.0;1;1510
15;13;1.0;48.0;1;1511
15;13;1.0;48.0;1;1512
15;13;1.0;48.0;1;1513
15;13;1.0;48.0;1;1514
15;13;1.0;48.0;1;1515
15;13;1.0;48.0;1;1516
15;13;1.0;48.0;1;1517
15;13;1.0;48.0;1;1518
15;13;1.0;48.0;1;1519
15;13;1.0;48.0;1;1520
15;13;1.0;48.0;1;1521
15;13;1.0;48.0;1;1522
15;13;1.0;48.0;1;1523
15;13;1.0;48.0;1;1524
15;13;1.0;48.0;1;1525
15;13;1.0;48.0;1;1526
15;13;1.0;48.0;1;1527
15;13;1.0;48.0;1;1528
15;13;1.0;48.0;1;1529
15;13;1.0;48.0;1;1530
15;13;1.0;48.0;1;1531
15;13;1.0;48.0;1;1532
15;13;1.0;48.0;1;1533
15;13;1.0;48.0;1;1534
15;13;1.0;48.0;1;1535
15;13;1.0;48.0;1;1536
15;13;1.0;48.0;1;1537
15;13;1.0;48.0;1;1538
15;13;1.0;48.0;1;1539
15;13;1.0;48.0;1;1540
15;13;1.0;48.0;1;1541
15;13;1.0;48.0;1;1542
15;13;1.0;48.0;1;1543
15;13;1.0;48.0;1;1544
15;13;1.0;48.0;1;1545
15;13;1.0;48.0;1;1546
15;13;1.0;48.0;1;1547
15;13;1.0;48.0;1;1548
15;13;1.0;48.0;1;1549
15;13;1.0;48.0;1;1550
15;13;1.0;48.0;1;1551
15;13;1.0;48.0;1;1552
15;13;1.0;48.0;1;1553
15;13;1.0;48.0;1;1554
15;13;1.0;48.0;1;1555
15;13;1.0;48.0;1;1556
15;13;1.0;48.0;1;1557
15;13;1.0;48.0;1;1558
15;13;1.0;48.0;1;1559
15;13;1.0;48.0;1;1560
15;13;1.0;48.0;1;1561
15;13;1.0;48.0;1;1562
15;13;1.0;48.0;1;1563
15;13;1.0;48.0;1;1564
15;13;1.0;48.0;1;1565
15;13;1.0;48.0;1;1566
15;13;1.0;48.0;1;1567
15;13;1.0;48.0;1;1568
15;13;1.0;48.0;1;1569
15;13;1.0;48.0;1;1570
15;13;1.0;48.0;1;1571
15;13;1.0;48.0;1;1572
15;13;1.0;48.0;1;1573
15;13;1.0;48.0;1;1574
15;13;1.0;48.0;1;1575
15;13;1.0;48.0;1;1576
15;13;1.0;48.0;1;1577
15;13;1.0;48.0;1;1578
15;13;1.0;48.0;1;1579
15;13;1.0;48.0;1;1580
15;13;1.0;48.0;1;1581
15;13;1.0;48.0;1;1582
15;13;1.0;48.0;1;1583
15;13;1.0;48.0;1;1584
15;13;1.0;48.0;1;1585
15;13;1.0;48.0;1;1586
15;13;1.0;48.0;1;1587
15;13;1.0;48.0;1;1588
15;13;1.0;48.0;1;1589
15;13;1.0;48.0;1;1590
15;13;1.0;48.0;1;1591
15;13;1.0;48.0;1;1592
15;13;1.0;48.0;1;1593
15;13;1.0;48.0;1;1594
15;13;1.0;48.0;1;1595
15;13;1.0;48.0;1;1596
15;13;1.0;48.0;1;1597
15;13;1.0;48.0;1;1598
15;13;1.0;48.0;1;1599
15;13;1.0;48.0;1;1600
15;13;1.0;48.0;1;1601
15;13;1.0;48.0;1;1602
15;13;1.0;48.0;1;1603
15;13;1.0;48.0;1;1604
15;13;1.0;48.0;1;1605
15;13;1.0;48.0;1;1606
15;13;1.0;48.0;1;1607
15;13;1.0;48.0;1;1608
15;13;1.0;48.0;1;1609
15;13;1.0;48.0;1;1610
15;13;1.0;48.0;1;1611
15;13;1.0;48.0;1;1612
15;13;1.0;48.0;1;1613
15;13;1.0;48.0;1;1614
15;13;1.0;48.0;1;1615
15;13;1.0;48.0;1;1616
15;13;1.0;48.0;1;1617
15;13;1.0;48.0;1;1618
15;13;1.0;48.0;1;1619
15;13;1.0;48.0;1;1620
15;13;1.0;48.0;1;1621
15;13;1.0;48.0;1;1622
15;13;1.0;48.0;1;1623
15;13;1.0;48.0;1;1624
15;13;1.0;48.0;1;1625
15;13;1.0;48.0;1;1626
15;13;1.0;48.0;1;1627
15;13;1.0;48.0;1;1628
15;13;1.0;48.0;1;1629
15;13;1.0;48.0;1;1630
15;13;1.0;48.0;1;1631
15;13;1.0;48.0;1;1632
15;13;1.0;48.0;1;1633
15;13;1.0;48.0;1;1634
15;13;1.0;48.0;1;1635
15;13;1.0;48.0;1;1636
15;13;1.0;48.0;1;1637
15;13;1.0;48.0;1;1638
15;13;1.0;48.0;1;1639
15;13;1.0;48.0;1;1640
15;13;1.0;48.0;1;1641
15;13;1.0;48.0;1;1642
15;13;1.0;48.0;1;1643
15;13;1.0;48.0;1;1644
15;13;1.0;48.0;1;1645
15;13;1.0;48.0;1;1646
15;13;1.0;48.0;1;1647
15;13;1.0;48.0;1;1648
15;13;1.0;48.0;1;1649
15;13;1.0;48.0;1;1650
15;13;1.0;48.0;1;1651
15;13;1.0;48.0;1;1652
15;13;1.0;48.0;1;1653
15;13;1.0;48.0;1;1654
15;13;1.0;48.0;1;1655
15;13;1.0;48.0;1;1656
15;13;1.0;48.0;1;1657
15;13;1.0;48.0;1;1658
15;13;1.0;48.0;1;1659
15;13;1.0;48.0;1;1660
15;13;1.0;48.0;1;1661
15;13;1.0;48.0;1;1662
15;13;1.0;48.0;1;1663
15;13;1.0;48.0;1;1664
15;13;1.0;48.0;1;1665
15;13;1.0;48.0;1;1666
15;13;1.0;48.0;1;1667
15;13;1.0;48.0;1;1668
15;13;1.0;48.0;1;1669
15;13;1.0;48.0;1;1670
15;13;1.0;48.0;1;1671
15;13;1.0;48.0;1;1672
15;13;1.0;48.0;1;1673
15;13;1.0;48.0;1;1674
15;13;1.0;48.0;1;1675
15;13;1.0;48.0;1;1676
15;13;1.0;48.0;1;1677
15;13;1.0;48.0;1;1678
15;13;1.0;48.0;1;1679
15;13;1.0;48.0;1;1680
15;13;1.0;48.0;1;1681
15;13;1.0;48.0;1;1682
15;13;1.0;48.0;1;1683
15;13;1.0;48.0;1;1684
15;13;1.0;48.0;1;1685
15;13;1.0;48.0;1;1686
15;13;1.0;48.0;1;1687
15;13;1.0;48.0;1;1688
15;13;1.0;48.0;1;1689
15;13;1.0;48.0;1;1690
15;13;1.0;48.0;1;1691
15;13;1.0;48.0;1;1692
15;13;1.0;48.0;1;1693
15;13;1.0;48.0;1;1694
15;13;1.0;48.0;1;1695
15;13;1.0;48.0;1;1696
15;13;1.0;48.0;1;1697
15;13;1.0;48.0;1;1698
15;13;1.0;48.0;1;1699
15;13;1.0;48.0;1;1700
15;13;1.0;48.0;1;1701
15;13;1.0;48.0;1;1702
15;13;1.0;48.0;1;1703
15;13;1.0;48.0;1;1704
15;13;1.0;48.0;1;1705
15;13;1.0;48.0;1;1706
15;13;1.0;48.0;1;1707
15;13;1.0;48.0;1;1708
15;13;1.0;48.0;1;1709
15;13;1.0;48.0;1;1710
15;13;1.0;48.0;1;1711
15;13;1.0;48.0;1;1712
15;13;1.0;48.0;1;1713
15;13;1.0;48.0;1;1714
15;13;1.0;48.0;1;1715
15;13;1.0;48.0;1;1716
15;13;1.0;48.0;1;1717
15;13;1.0;48.0;1;1718
15;13;1.0;48.0;1;1719
15;13;1.0;48.0;1;1720
15;13;1.0;48.0;1;1721
15;13;1.0;48.0;1;1722
15;13;1.0;48.0;1;1723
15;13;1.0;48.0;1;1724
15;13;1.0;48.0;1;1725
15;13;1.0;48.0;1;1726
15;13;1.0;48.0;1;1727
15;13;1.0;48.0;1;1728
15;13;1.0;48.0;1;1729
15;13;1.0;48.0;1;1730
15;13;1.0;48.0;1;1731
15;13;1.0;48.0;1;1732
15;13;1.0;48.0;1;1733
15;13;1.0;48.0;1;1734
15;13;1.0;48.0;1;1735
15;13;1.0;48.0;1;1736
15;13;1.0;48.0;1;1737
15;13;1.0;48.0;1;1738
15;13;1.0;48.0;1;1739
15;13;1.0;48.0;1;1740
15;13;1.0;48.0;1;1741
15;13;1.0;48.0;1;1742
15;13;1.0;48.0;1;1743
15;13;1.0;48.0;1;1744
15;13;1.0;48.0;1;1745
15;13;1.0;48.0;1;1746
15;13;1.0;48.0;1;1747
15;13;1.0;48.0;1;1748
15;13;1.0;48.0;1;1749
15;13;1.0;48.0;1;1750
15;13;1.0;48.0;1;1751
15;13;1.0;48.0;1;1752
15;13;1.0;48.0;1;1753
15;13;1.0;48.0;1;1754
15;13;1.0;48.0;1;1755
15;13;1.0;48.0;1;1756
15;13;1.0;48.0;1;1757
15;13;1.0;48.0;1;1758
15;13;1.0;48.0;1;1759
15;13;1.0;48.0;1;1760
15;13;1.0;48.0;1;1761
15;13;1.0;48.0;1;1762
15;13;1.0;48.0;1;1763
15;13;1.0;48.0;1;1764
15;13;1.0;48.0;1;1765
15;13;1.0;48.0;1;1766
15;13;1.0;48.0;1;1767
15;13;1.0;48.0;1;1768
15;13;1.0;48.0;1;1769
15;13;1.0;48.0;1;1770
15;13;1.0;48.0;1;1771
15;13;1.0;48.0;1;1772
15;13;1.0;48.0;1;1773
15;13;1.0;48.0;1;1774
15;13;1.0;48.0;1;1775
15;13;1.0;48.0;1;1776
15;13;1.0;48.0;1;1777
15;13;1.0;48.0;1;1778
15;13;1.0;48.0;1;1779
15;13;1.0;48.0;1;1780
15;13;1.0;48.0;1;1781
15;13;1.0;48.0;1;1782
15;13;1.0;48.0;1;1783
15;13;1.0;48.0;1;1784
15;13;1.0;48.0;1;1785
15;13;1.0;48.0;1;1786
15;13;1.0;48.0;1;1787
15;13;1.0;48.0;1;1788
15;13;1.0;48.0;1;1789
15;13;1.0;48.0;1;1790
15;13;1.0;48.0;1;1791
15;13;1.0;48.0;1;1792
15;13;1.0;48.0;1;1793
15;13;1.0;48.0;1;1794
15;13;1.0;48.0;1;1795
15;13;1.0;48.0;1;1796
15;13;1.0;48.0;1;1797
15;13;1.0;48.0;1;1798
15;13;1.0;48.0;1;1799
15;13;1.0;48.0;1;1800
15;13;1.0;48.0;1;1801
15;13;1.0;48.0;1;1802
15;13;1.0;48.0;1;1803
15;13;1.0;48.0;1;1804
15;13;1.0;48.0;1;1805
15;13;1.0;48.0;1;1806
15;13;1.0;48.0;1;1807
15;13;1.0;48.0;1;1808
15;13;1.0;48.0;1;1809
15;13;1.0;48.0;1;1810
15;13;1.0;48.0;1;1811
15;13;1.0;48.0;1;1812
15;13;1.0;48.0;1;1813
15;13;1.0;48.0;1;1814
15;13;1.0;48.0;1;1815
15;13;1.0;48.0;1;1816
15;13;1.0;48.0;1;1817
15;13;1.0;48.0;1;1818
15;13;1.0;48.0;1;1819
15;13;1.0;48.0;1;1820
15;13;1.0;48.0;1;1821
15;13;1.0;48.0;1;1822
15;13;1.0;48.0;1;1823
15;13;1.0;48.0;1;1824
15;13;1.0;48.0;1;1825
15;13;1.0;48.0;1;1826
15;13;1.0;48.0;1;1827
15;13;1.0;48.0;1;1828
15;13;1.0;48.0;1;1829
15;13;1.0;48.0;1;1830
15;13;1.0;48.0;1;1831
15;13;1.0;48.0;1;1832
15;13;1.0;48.0;1;1833
15;13;1.0;48.0;1;1834
15;13;1.0;48.0;1;1835
15;13;1.0;48.0;1;1836
15;13;1.0;48.0;1;1837
15;13;1.0;48.0;1;1838
15;13;1.0;48.0;1;1839
15;13;1.0;48.0;1;1840
15;13;1.0;48.0;1;1841
15;13;1.0;48.0;1;1842
15;13;1.0;48.0;1;1843
15;13;1.0;48.0;1;1844
15;13;1.0;48.0;1;1845
15;13;1.0;48.0;1;1846
15;13;1.0;48.0;1;1847
15;13;1.0;48.0;1;1848
15;13;1.0;48.0;1;1849
15;13;1.0;48.0;1;1850
15;13;1.0;48.0;1;1851
15;13;1.0;48.0;1;1852
15;13;1.0;48.0;1;1853
15;13;1.0;48.0;1;1854
15;13;1.0;48.0;1;1855
15;13;1.0;48.0;1;1856
15;13;1.0;48.0;1;1857
15;13;1.0;48.0;1;1858
15;13;1.0;48.0;1;1859
15;13;1.0;48.0;1;1860
15;13;1.0;48.0;1;1861
15;13;1.0;48.0;1;1862
15;13;1.0;48.0;1;1863
15;13;1.0;48.0;1;1864
15;13;1.0;48.0;1;1865
15;13;1.0;48.0;1;1866
15;13;1.0;48.0;1;1867
15;13;1.0;48.0;1;1868
15;13;1.0;48.0;1;1869
15;13;1.0;48.0;1;1870
15;13;1.0;48.0;1;1871
15;13;1.0;48.0;1;1872
15;13;1.0;48.0;1;1873
15;13;1.0;48.0;1;1874
15;13;1.0;48.0;1;1875
15;13;1.0;48.0;1;1876
15;13;1.0;48.0;1;1877
15;13;1.0;48.0;1;1878
15;13;1.0;48.0;1;1879
15;13;1.0;48.0;1;1880
15;13;1.0;48.0;1;1881
15;13;1.0;48.0;1;1882
15;13;1.0;48.0;1;1883
15;13;1.0;48.0;1;1884
15;13;1.0;48.0;1;1885
15;13;1.0;48.0;1;1886
15;13;1.0;48.0;1;1887
15;13;1.0;48.0;1;1888
15;13;1.0;48.0;1;1889
15;13;1.0;48.0;1;1890
15;13;1.0;48.0;1;1891
15;13;1.0;48.0;1;1892
15;13;1.0;48.0;1;1893
15;13;1.0;48.0;1;1894
15;13;1.0;48.0;1;1895
15;13;1.0;48.0;1;1896
15;13;1.0;48.0;1;1897
15;13;1.0;48.0;1;1898
15;13;1.0;48.0;1;1899
15;13;1.0;48.0;1;1900
15;13;1.0;48.0;1;1901
15;13;1.0;48.0;1;1902
15;13;1.0;48.0;1;1903
15;13;1.0;48.0;1;1904
15;13;1.0;48.0;1;1905
15;13;1.0;48.0;1;1906
15;13;1.0;48.0;1;1907
15;13;1.0;48.0;1;1908
15;13;1.0;48.0;1;1909
15;13;1.0;48.0;1;1910
15;13;1.0;48.0;1;1911
15;13;1.0;48.0;1;1912
15;13;1.0;48.0;1;1913
15;13;1.0;48.0;1;1914
15;13;1.0;48.0;1;1915
15;13;1.0;48.0;1;1916
15;13;1.0;48.0;1;1917
15;13;1.0;48.0;1;1918
15;13;1.0;48.0;1;1919
15;13;1.0;48.0;1;1920
15;13;1.0;48.0;1;1921
15;13;1.0;48.0;1;1922
15;13;1.0;48.0;1;1923
15;13;1.0;48.0;1;1924
15;13;1.0;48.0;1;1925
15;13;1.0;48.0;1;1926
15;13;1.0;48.0;1;1927
15;13;1.0;48.0;1;1928
15;13;1.0;48.0;1;1929
15;13;1.0;48.0;1;1930
15;13;1.0;48.0;1;1931
15;13;1.0;48.0;1;1932
15;13;1.0;48.0;1;1933
15;13;1.0;48.0;1;1934
15;13;1.0;48.0;1;1935
15;13;1.0;48.0;1;1936
15;13;1.0;48.0;1;1937
15;13;1.0;48.0;1;1938
15;13;1.0;48.0;1;1939
15;13;1.0;48.0;1;1940
15;13;1.0;48.0;1;1941
15;13;1.0;48.0;1;1942
15;13;1.0;48.0;1;1943
15;13;1.0;48.0;1;1944
15;13;1.0;48.0;1;1945
15;13;1.0;48.0;1;1946
15;13;1.0;48.0;1;1947
15;13;1.0;48.0;1;1948
15;13;1.0;48.0;1;1949
15;13;1.0;48.0;1;1950
15;13;1.0;48.0;1;1951
15;13;1.0;48.0;1;1952
15;13;1.0;48.0;1;1953
15;13;1.0;48.0;1;1954
15;13;1.0;48.0;1;1955
15;13;1.0;48.0;1;1956
15;13;1.0;48.0;1;1957
15;13;1.0;48.0;1;1958
15;13;1.0;48.0;1;1959
15;13;1.0;48.0;1;1960
15;13;1.0;48.0;1;1961
15;13;1.0;48.0;1;1962
15;13;1.0;48.0;1;1963
15;13;1.0;48.0;1;1964
15;13;1.0;48.0;1;1965
15;13;1.0;48.0;1;1966
15;13;1.0;48.0;1;1967
15;13;1.0;48.0;1;1968
15;13;1.0;48.0;1;1969
15;13;1.0;48.0;1;1970
15;13;1.0;48.0;1;1971
15;13;1.0;48.0;1;1972
15;13;1.0;48.0;1;1973
15;13;1.0;48.0;1;1974
15;13;1.0;48.0;1;1975
15;13;1.0;48.0;1;1976
15;13;1.0;48.0;1;1977
15;13;1.0;48.0;1;1978
15;13;1.0;48.0;1;1979
15;13;1.0;48.0;1;1980
15;13;1.0;48.0;1;1981
15;13;1.0;48.0;1;1982
15;13;1.0;48.0;1;1983
15;13;1.0;48.0;1;1984
15;13;1.0;48.0;1;1985
15;13;1.0;48.0;1;1986
15;13;1.0;48.0;1;1987
15;13;1.0;48.0;1;1988
15;13;1.0;48.0;1;1989
15;13;1.0;48.0;1;1990
15;13;1.0;48.0;1;1991
15;13;1.0;48.0;1;1992
15;13;1.0;48.0;1;1993
15;13;1.0;48.0;1;1994
15;13;1.0;48.0;1;1995
15;13;1.0;48.0;1;1996
15;13;1.0;48.0;1;1997
15;13;1.0;48.0;1;1998
15;13;1.0;48.0;1;1999
15;13;1.0;48.0;1;2000
15;13;1.0;48.0;1;2001
15;13;1.0;48.0;1;2002
15;13;1.0;48.0;1;2003
15;13;1.0;48.0;1;2004
15;13;1.0;48.0;1;2005
15;13;1.0;48.0;1;2006
15;13;1.0;48.0;1;2007
15;13;1.0;48.0;1;2008
15;13;1.0;48.0;1;2009
15;13;1.0;48.0;1;2010
15;13;1.0;48.0;1;2011
15;13;1.0;48.0;1;2012
15;13;1.0;48.0;1;2013
15;13;1.0;48.0;1;2014
15;13;1.0;48.0;1;2015
15;13;1.0;48.0;1;2016
15;13;1.0;48.0;1;2017
15;13;1.0;48.0;1;2018
15;13;1.0;48.0;1;2019
15;13;1.0;48.0;1;2020
15;13;1.0;48.0;1;2021
15;13;1.0;48.0;1;2022
15;13;1.0;48.0;1;2023
15;13;1.0;48.0;1;2024
15;13;1.0;48.0;1;2025
15;13;1.0;48.0;1;2026
15;13;1.0;48.0;1;2027
15;13;1.0;48.0;1;2028
15;13;1.0;48.0;1;2029
15;13;1.0;48.0;1;2030
15;13;1.0;48.0;1;2031
15;13;1.0;48.0;1;2032
15;13;1.0;48.0;1;2033
15;13;1.0;48.0;1;2034
15;13;1.0;48.0;1;2035
15;13;1.0;48.0;1;2036
15;13;1.0;48.0;1;2037
15;13;1.0;48.0;1;2038
15;13;1.0;48.0;1;2039
15;13;1.0;48.0;1;2040
15;13;1.0;48.0;1;2041
15;13;1.0;48.0;1;2042
15;13;1.0;48.0;1;2043
15;13;1.0;48.0;1;2044
15;13;1.0;48.0;1;2045
15;13;1.0;48.0;1;2046
15;13;1.0;48.0;1;2047
15;13;1.0;48.0;1;2048
15;13;1.0;48.0;1;2049
15;13;1.0;48.0;1;2050
15;13;1.0;48.0;1;2051
15;13;1.0;48.0;1;2052
15;13;1.0;48.0;1;2053
15;13;1.0;48.0;1;2054
15;13;1.0;48.0;1;2055
15;13;1.0;48.0;1;2056
15;13;1.0;48.0;1;2057
15;13;1.0;48.0;1;2058
15;13;1.0;48.0;1;2059
15;13;1.0;48.0;1;2060
15;13;1.0;48.0;1;2061
15;13;1.0;48.0;1;2062
15;13;1.0;48.0;1;2063
15;13;1.0;48.0;1;2064
15;13;1.0;48.0;1;2065
15;13;1.0;48.0;1;2066
15;13;1.0;48.0;1;2067
15;13;1.0;48.0;1;2068
15;13;1.0;48.0;1;2069
15;13;1.0;48.0;1;2070
15;13;1.0;48.0;1;2071
15;13;1.0;48.0;1;2072
15;13;1.0;48.0;1;2073
15;13;1.0;48.0;1;2074
15;13;1.0;48.0;1;2075
15;13;1.0;48.0;1;2076
15;13;1.0;48.0;1;2077
15;13;1.0;48.0;1;2078
15;13;1.0;48.0;1;2079
15;13;1.0;48.0;1;2080
15;13;1.0;48.0;1;2081
15;13;1.0;48.0;1;2082
15;13;1.0;48.0;1;2083
15;13;1.0;48.0;1;2084
15;13;1.0;48.0;1;2085
15;13;1.0;48.0;1;2086
15;13;1.0;48.0;1;2087
15;13;1.0;48.0;1;2088
15;13;1.0;48.0;1;2089
15;13;1.0;48.0;1;2090
15;13;1.0;48.0;1;2091
15;13;1.0;48.0;1;2092
15;13;1.0;48.0;1;2093
15;13;1.0;48.0;1;2094
15;13;1.0;48.0;1;2095
15;13;1.0;48.0;1;2096
15;13;1.0;48.0;1;2097
15;13;1.0;48.0;1;2098
15;13;1.0;48.0;1;2099
15;13;1.0;48.0;1;2100
15;13;1.0;48.0;1;2101
15;13;1.0;48.0;1;2102
15;13;1.0;48.0;1;2103
15;13;1.0;48.0;1;2104
15;13;1.0;48.0;1;2105
15;13;1.0;48.0;1;2106
15;13;1.0;48.0;1;2107
15;13;1.0;48.0;1;2108
15;13;1.0;48.0;1;2109
15;13;1.0;48.0;1;2110
15;13;1.0;48.0;1;2111
15;13;1.0;48.0;1;2112
15;13;1.0;48.0;1;2113
15;13;1.0;48.0;1;2114
15;13;1.0;48.0;1;2115
15;13;1.0;48.0;1;2116
15;13;1.0;48.0;1;2117
15;13;1.0;48.0;1;2118
15;13;1.0;48.0;1;2119
15;13;1.0;48.0;1;2120
15;13;1.0;48.0;1;2121
15;13;1.0;48.0;1;2122
15;13;1.0;48.0;1;2123
15;13;1.0;48.0;1;2124
15;13;1.0;48.0;1;2125
15;13;1.0;48.0;1;2126
15;13;1.0;48.0;1;2127
15;13;1.0;48.0;1;2128
15;13;1.0;48.0;1;2129
15;13;1.0;48.0;1;2130
15;13;1.0;48.0;1;2131
15;13;1.0;48.0;1;2132
15;13;1.0;48.0;1;2133
15;13;1.0;48.0;1;2134
15;13;1.0;48.0;1;2135
15;13;1.0;48.0;1;2136
15;13;1.0;48.0;1;2137
15;13;1.0;48.0;1;2138
15;13;1.0;48.0;1;2139
15;13;1.0;48.0;1;2140
15;13;1.0;48.0;1;2141
15;13;1.0;48.0;1;2142
15;13;1.0;48.0;1;2143
15;13;1.0;48.0;1;2144
15;13;1.0;48.0;1;2145
15;13;1.0;48.0;1;2146
15;13;1.0;48.0;1;2147
15;13;1.0;48.0;1;2148
15;13;1.0;48.0;1;2149
15;13;1.0;48.0;1;2150
15;13;1.0;48.0;1;2151
15;13;1.0;48.0;1;2152
15;13;1.0;48.0;1;2153
15;13;1.0;48.0;1;2154
15;13;1.0;48.0;1;2155
15;13;1.0;48.0;1;2156
15;13;1.0;48.0;1;2157
15;13;1.0;48.0;1;2158
15;13;1.0;48.0;1;2159
15;13;1.0;48.0;1;2160
15;13;1.0;48.0;1;2161
15;13;1.0;48.0;1;2162
15;13;1.0;48.0;1;2163
15;13;1.0;48.0;1;2164
15;13;1.0;48.0;1;2165
15;13;1.0;48.0;1;2166
15;13;1.0;48.0;1;2167
15;13;1.0;48.0;1;2168
15;13;1.0;48.0;1;2169
15;13;1.0;48.0;1;2170
15;13;1.0;48.0;1;2171
15;13;1.0;48.0;1;2172
15;13;1.0;48.0;1;2173
15;13;1.0;48.0;1;2174
15;13;1.0;48.0;1;2175
15;13;1.0;48.0;1;2176
15;13;1.0;48.0;1;2177
15;13;1.0;48.0;1;2178
15;13;1.0;48.0;1;2179
15;13;1.0;48.0;1;2180
15;13;1.0;48.0;1;2181
15;13;1.0;48.0;1;2182
15;13;1.0;48.0;1;2183
15;13;1.0;48.0;1;2184
15;13;1.0;48.0;1;2185
15;13;1.0;48.0;1;2186
15;13;1.0;48.0;1;2187
15;13;1.0;48.0;1;2188
15;13;1.0;48.0;1;2189
15;13;1.0;48.0;1;2190
15;13;1.0;48.0;1;2191
15;13;1.0;48.0;1;2192
15;13;1.0;48.0;1;2193
15;13;1.0;48.0;1;2194
15;13;1.0;48.0;1;2195
15;13;1.0;48.0;1;2196
15;13;1.0;48.0;1;2197
15;13;1.0;48.0;1;2198
15;13;1.0;48.0;1;2199
15;13;1.0;48.0;1;2200
15;13;1.0;48.0;1;2201
15;13;1.0;48.0;1;2202
15;13;1.0;48.0;1;2203
15;13;1.0;48.0;1;2204
15;13;1.0;48.0;1;2205
15;13;1.0;48.0;1;2206
15;13;1.0;48.0;1;2207
15;13;1.0;48.0;1;2208
15;13;1.0;48.0;1;2209
